,0,1,2,3,4,5,6,7,8,9,10,11,12,13,14,15,16,17,18,19,20,21,22,23,24,25,26,27,28,29,30,31,32,33,34,35,36,37,38,39,40,41,42,43,44,45,46,47,48,49,50,51,52,53,54,55,56,57,58,59,60,61,%error,total
0,4426.0,0.0,9.0,1.0,1.0,5.0,5.0,0.0,2.0,2.0,8.0,18.0,60.0,301.0,0.0,0.0,20.0,0.0,0.0,1.0,0.0,0.0,0.0,2.0,1818.0,15.0,92.0,2.0,5.0,0.0,46.0,1.0,0.0,0.0,0.0,0.0,84.0,5.0,4.0,5.0,2.0,0.0,4.0,1.0,0.0,0.0,0.0,0.0,0.0,1.0,212.0,15.0,6.0,1.0,1.0,0.0,7.0,0.0,0.0,0.0,0.0,0.0,38.4251530328325,7188.0
1,2.0,6192.0,1.0,0.0,0.0,6.0,7.0,15.0,15.0,5.0,1.0,0.0,3.0,1.0,0.0,31.0,0.0,1.0,1711.0,12.0,1.0,40.0,0.0,0.0,0.0,3.0,0.0,0.0,5.0,0.0,0.0,3.0,0.0,10.0,67.0,0.0,0.0,2.0,1.0,18.0,1.0,6.0,4.0,24.0,363.0,40.0,6.0,2430.0,0.0,1.0,0.0,1.0,4.0,7.0,1.0,96.0,0.0,0.0,0.0,4.0,6.0,0.0,44.45142190723961,11147.0
2,11.0,14.0,5503.0,64.0,3.0,1.0,0.0,14.0,17.0,1.0,2.0,3.0,2.0,27.0,6.0,3.0,5.0,0.0,61.0,20.0,0.0,12.0,0.0,0.0,2.0,2.0,3.0,6.0,23.0,0.0,6.0,0.0,2.0,11.0,5.0,362.0,123.0,2.0,0.0,17.0,6.0,1.0,12.0,1.0,4.0,25.0,0.0,0.0,0.0,4.0,2.0,0.0,0.0,0.0,2.0,10.0,0.0,0.0,0.0,16.0,2.0,293.0,18.00029801817911,6711.0
3,3.0,0.0,26.0,5552.0,0.0,85.0,0.0,3.0,58.0,49.0,2.0,26.0,2.0,23.0,0.0,0.0,7.0,0.0,11.0,88.0,0.0,0.0,0.0,0.0,2.0,0.0,3.0,1.0,106.0,1.0,0.0,0.0,0.0,0.0,18.0,2.0,22.0,2.0,0.0,2.0,0.0,1.0,98.0,0.0,0.0,23.0,0.0,1.0,0.0,0.0,0.0,0.0,3.0,0.0,15.0,0.0,0.0,0.0,0.0,0.0,8.0,6.0,11.153784605536886,6249.0
4,12.0,0.0,5.0,1.0,4955.0,10.0,7.0,12.0,19.0,84.0,24.0,0.0,0.0,0.0,1.0,34.0,2.0,54.0,0.0,0.0,5.0,0.0,17.0,116.0,10.0,1.0,7.0,3.0,2.0,7.0,83.0,125.0,13.0,10.0,185.0,0.0,23.0,0.0,0.0,29.0,8.0,19.0,15.0,10.0,1.0,3.0,4.0,2.0,4.0,18.0,4.0,0.0,30.0,15.0,2.0,194.0,30.0,82.0,14.0,26.0,167.0,4.0,23.862937922556853,6508.0
5,7.0,1.0,0.0,35.0,4.0,4319.0,21.0,0.0,42.0,12.0,1.0,4.0,18.0,0.0,19.0,31.0,25.0,0.0,7.0,39.0,0.0,1.0,0.0,3.0,2.0,0.0,8.0,0.0,773.0,3.0,1.0,0.0,0.0,0.0,1.0,0.0,6.0,4.0,0.0,1.0,2.0,4.0,14.0,0.0,1.0,3.0,0.0,0.0,0.0,0.0,1.0,0.0,1.0,10.0,83.0,4.0,0.0,0.0,0.0,0.0,1.0,0.0,21.64368650217707,5512.0
6,19.0,0.0,1.0,0.0,12.0,27.0,5488.0,0.0,10.0,0.0,3.0,7.0,20.0,11.0,26.0,19.0,206.0,0.0,1.0,1.0,0.0,57.0,0.0,7.0,10.0,0.0,11.0,1.0,18.0,0.0,15.0,1.0,27.0,0.0,0.0,0.0,4.0,255.0,3.0,14.0,12.0,12.0,7.0,60.0,6.0,1.0,15.0,4.0,0.0,1.0,2.0,1.0,0.0,0.0,2.0,25.0,2.0,0.0,7.0,1.0,0.0,0.0,14.676616915422885,6432.0
7,0.0,5.0,22.0,29.0,1.0,1.0,0.0,5631.0,10.0,143.0,1.0,0.0,1.0,3.0,0.0,0.0,0.0,0.0,3.0,33.0,0.0,0.0,0.0,0.0,0.0,17.0,0.0,2.0,0.0,123.0,1.0,1.0,0.0,2.0,89.0,3.0,1.0,0.0,0.0,0.0,0.0,0.0,24.0,0.0,3.0,5.0,0.0,3.0,0.0,4.0,0.0,2.0,8.0,3.0,1.0,21.0,0.0,0.0,0.0,2.0,26.0,3.0,9.571222097318131,6227.0
8,19.0,13.0,53.0,103.0,4.0,41.0,2.0,15.0,5134.0,14.0,2.0,155.0,5.0,7.0,66.0,62.0,3.0,0.0,37.0,16.0,1.0,1.0,0.0,0.0,13.0,33.0,8.0,36.0,35.0,2.0,8.0,11.0,1.0,11.0,4.0,32.0,23.0,10.0,0.0,8.0,14.0,26.0,91.0,0.0,3.0,0.0,5.0,3.0,0.0,1.0,1.0,8.0,92.0,15.0,6.0,35.0,0.0,1.0,0.0,15.0,6.0,23.0,18.932575398705197,6333.0
9,3.0,4.0,6.0,35.0,171.0,22.0,0.0,366.0,34.0,5332.0,3.0,0.0,0.0,0.0,0.0,23.0,2.0,0.0,0.0,0.0,0.0,0.0,3.0,0.0,0.0,33.0,28.0,2.0,8.0,7.0,0.0,1.0,0.0,0.0,47.0,0.0,17.0,0.0,0.0,0.0,4.0,6.0,243.0,0.0,0.0,1.0,0.0,0.0,1.0,0.0,1.0,4.0,284.0,0.0,5.0,37.0,0.0,0.0,0.0,0.0,22.0,1.0,21.07756068679692,6756.0
10,7.0,0.0,4.0,1.0,52.0,0.0,1.0,0.0,4.0,2.0,801.0,5.0,0.0,1.0,0.0,1.0,0.0,33.0,1.0,0.0,3.0,0.0,31.0,23.0,4.0,15.0,0.0,44.0,0.0,0.0,1.0,0.0,0.0,2.0,0.0,0.0,24.0,1.0,0.0,3.0,0.0,0.0,2.0,50.0,0.0,0.0,5.0,1.0,2.0,121.0,1.0,13.0,0.0,10.0,1.0,1.0,2.0,0.0,0.0,8.0,0.0,0.0,37.470725995316165,1281.0
11,8.0,0.0,0.0,2.0,0.0,4.0,3.0,0.0,100.0,0.0,0.0,332.0,1.0,5.0,3.0,0.0,2.0,0.0,0.0,0.0,0.0,0.0,0.0,0.0,4.0,0.0,0.0,0.0,0.0,0.0,0.0,0.0,0.0,0.0,0.0,0.0,1.0,14.0,0.0,0.0,2.0,0.0,1.0,2.0,0.0,0.0,0.0,0.0,0.0,0.0,0.0,0.0,0.0,0.0,0.0,3.0,0.0,0.0,0.0,0.0,0.0,0.0,31.82751540041068,487.0
12,6.0,0.0,4.0,0.0,0.0,8.0,11.0,0.0,1.0,0.0,0.0,1.0,1202.0,2.0,21.0,7.0,10.0,0.0,0.0,0.0,4.0,16.0,0.0,0.0,7.0,0.0,0.0,1.0,0.0,1.0,5.0,0.0,0.0,0.0,0.0,1.0,1.0,0.0,295.0,0.0,42.0,2.0,2.0,0.0,0.0,0.0,7.0,1.0,0.0,0.0,0.0,0.0,0.0,0.0,0.0,14.0,0.0,0.0,0.0,0.0,0.0,2.0,28.19593787335723,1674.0
13,12.0,0.0,2.0,0.0,0.0,0.0,0.0,0.0,0.0,0.0,0.0,2.0,0.0,294.0,0.0,0.0,0.0,0.0,0.0,0.0,0.0,0.0,0.0,0.0,7.0,2.0,0.0,0.0,0.0,0.0,1.0,0.0,0.0,0.0,0.0,0.0,1.0,1.0,0.0,5.0,0.0,0.0,0.0,0.0,0.0,0.0,0.0,0.0,0.0,0.0,1.0,1.0,0.0,0.0,0.0,3.0,0.0,0.0,0.0,0.0,0.0,0.0,11.44578313253012,332.0
14,0.0,0.0,4.0,1.0,0.0,5.0,2.0,0.0,10.0,0.0,0.0,7.0,12.0,0.0,414.0,8.0,0.0,0.0,8.0,0.0,8.0,0.0,0.0,0.0,0.0,0.0,0.0,9.0,0.0,0.0,0.0,1.0,0.0,1.0,0.0,3.0,0.0,1.0,1.0,0.0,14.0,5.0,0.0,0.0,0.0,0.0,14.0,1.0,0.0,0.0,0.0,0.0,0.0,0.0,0.0,31.0,0.0,0.0,0.0,0.0,0.0,0.0,26.071428571428573,560.0
15,1.0,9.0,2.0,0.0,14.0,25.0,0.0,1.0,24.0,2.0,4.0,1.0,7.0,0.0,14.0,880.0,0.0,0.0,4.0,0.0,13.0,0.0,0.0,2.0,0.0,73.0,0.0,12.0,2.0,8.0,0.0,4.0,1.0,9.0,15.0,1.0,1.0,0.0,0.0,0.0,2.0,225.0,0.0,2.0,1.0,0.0,6.0,3.0,0.0,2.0,0.0,5.0,2.0,31.0,0.0,13.0,0.0,2.0,0.0,3.0,0.0,2.0,38.37535014005603,1428.0
16,1.0,0.0,0.0,0.0,0.0,0.0,5.0,0.0,0.0,0.0,0.0,0.0,0.0,1.0,0.0,0.0,98.0,0.0,0.0,0.0,0.0,0.0,0.0,0.0,1.0,0.0,14.0,0.0,0.0,0.0,0.0,0.0,0.0,0.0,0.0,0.0,2.0,0.0,0.0,0.0,1.0,0.0,1.0,0.0,0.0,0.0,0.0,0.0,0.0,0.0,0.0,0.0,0.0,0.0,0.0,0.0,0.0,0.0,0.0,0.0,0.0,0.0,20.967741935483872,124.0
17,0.0,0.0,0.0,0.0,4.0,0.0,0.0,0.0,0.0,0.0,1.0,0.0,0.0,0.0,0.0,0.0,0.0,184.0,0.0,0.0,3.0,0.0,5.0,24.0,0.0,0.0,0.0,1.0,0.0,0.0,2.0,0.0,0.0,0.0,0.0,0.0,0.0,0.0,0.0,0.0,0.0,0.0,0.0,7.0,0.0,0.0,1.0,0.0,1.0,3.0,0.0,0.0,0.0,0.0,0.0,0.0,0.0,0.0,0.0,0.0,0.0,0.0,22.033898305084744,236.0
18,0.0,5.0,5.0,0.0,0.0,0.0,0.0,1.0,0.0,0.0,0.0,0.0,0.0,0.0,0.0,3.0,0.0,0.0,76.0,0.0,0.0,1.0,0.0,0.0,0.0,0.0,0.0,0.0,2.0,0.0,0.0,0.0,0.0,0.0,0.0,0.0,0.0,0.0,0.0,0.0,0.0,1.0,0.0,0.0,0.0,1.0,0.0,2.0,0.0,0.0,0.0,0.0,0.0,0.0,0.0,5.0,0.0,0.0,0.0,0.0,0.0,0.0,25.49019607843137,102.0
19,0.0,0.0,1.0,3.0,0.0,2.0,0.0,2.0,0.0,0.0,0.0,0.0,0.0,0.0,0.0,0.0,0.0,0.0,26.0,203.0,0.0,0.0,0.0,0.0,0.0,0.0,0.0,0.0,4.0,0.0,0.0,1.0,0.0,0.0,1.0,1.0,0.0,0.0,0.0,1.0,0.0,0.0,2.0,0.0,2.0,2.0,0.0,0.0,0.0,0.0,0.0,0.0,0.0,0.0,0.0,0.0,0.0,0.0,0.0,0.0,0.0,0.0,19.12350597609562,251.0
20,0.0,0.0,0.0,0.0,0.0,0.0,0.0,0.0,0.0,0.0,1.0,0.0,0.0,0.0,0.0,0.0,0.0,0.0,0.0,0.0,161.0,0.0,0.0,3.0,0.0,0.0,0.0,11.0,0.0,0.0,0.0,2.0,0.0,7.0,0.0,0.0,0.0,0.0,0.0,0.0,0.0,0.0,0.0,0.0,0.0,0.0,80.0,0.0,0.0,0.0,0.0,0.0,0.0,0.0,0.0,0.0,0.0,0.0,0.0,15.0,0.0,0.0,42.5,280.0
21,0.0,7.0,18.0,0.0,0.0,0.0,14.0,0.0,0.0,0.0,0.0,0.0,19.0,0.0,7.0,1.0,0.0,0.0,2.0,0.0,6.0,660.0,0.0,0.0,0.0,0.0,0.0,3.0,0.0,0.0,0.0,0.0,1.0,0.0,0.0,1.0,0.0,1.0,3.0,5.0,3.0,1.0,0.0,38.0,3.0,0.0,12.0,28.0,0.0,0.0,0.0,0.0,0.0,0.0,0.0,3.0,0.0,0.0,0.0,1.0,0.0,1.0,21.241050119331742,838.0
22,0.0,0.0,0.0,1.0,17.0,1.0,0.0,1.0,0.0,1.0,43.0,1.0,0.0,0.0,0.0,1.0,0.0,18.0,1.0,0.0,8.0,0.0,1316.0,67.0,1.0,0.0,0.0,6.0,0.0,0.0,2.0,0.0,29.0,1.0,0.0,0.0,27.0,0.0,0.0,0.0,3.0,0.0,3.0,2.0,0.0,0.0,4.0,0.0,427.0,89.0,0.0,1.0,1.0,10.0,0.0,0.0,7.0,1.0,26.0,4.0,4.0,0.0,38.04143126177024,2124.0
23,1.0,0.0,1.0,0.0,52.0,0.0,0.0,0.0,2.0,0.0,13.0,1.0,0.0,1.0,1.0,0.0,0.0,177.0,0.0,0.0,14.0,1.0,37.0,975.0,1.0,0.0,1.0,2.0,1.0,0.0,29.0,9.0,110.0,0.0,0.0,0.0,3.0,0.0,0.0,2.0,1.0,0.0,0.0,8.0,0.0,0.0,11.0,0.0,4.0,62.0,0.0,0.0,0.0,1.0,1.0,0.0,6.0,8.0,73.0,3.0,0.0,0.0,39.516129032258064,1612.0
24,1163.0,0.0,4.0,1.0,4.0,2.0,14.0,1.0,7.0,2.0,9.0,23.0,19.0,49.0,0.0,1.0,6.0,0.0,0.0,0.0,0.0,0.0,3.0,4.0,2209.0,16.0,35.0,6.0,4.0,0.0,26.0,1.0,0.0,0.0,0.0,0.0,83.0,5.0,12.0,4.0,27.0,0.0,4.0,0.0,0.0,1.0,0.0,0.0,0.0,5.0,231.0,27.0,2.0,0.0,0.0,1.0,2.0,0.0,0.0,0.0,0.0,0.0,44.95389982556691,4013.0
25,1.0,0.0,0.0,0.0,6.0,0.0,0.0,9.0,22.0,5.0,7.0,3.0,6.0,0.0,1.0,132.0,0.0,0.0,0.0,0.0,0.0,0.0,0.0,0.0,1.0,1128.0,1.0,17.0,0.0,0.0,0.0,0.0,0.0,1.0,4.0,0.0,0.0,0.0,0.0,0.0,15.0,34.0,1.0,0.0,0.0,0.0,0.0,0.0,0.0,1.0,0.0,253.0,1.0,37.0,0.0,4.0,0.0,0.0,0.0,2.0,0.0,0.0,33.33333333333333,1692.0
26,2.0,0.0,4.0,0.0,0.0,0.0,0.0,0.0,0.0,3.0,0.0,0.0,0.0,0.0,0.0,0.0,11.0,0.0,0.0,0.0,0.0,0.0,0.0,0.0,0.0,0.0,114.0,0.0,0.0,0.0,0.0,0.0,0.0,0.0,0.0,0.0,5.0,0.0,0.0,0.0,2.0,0.0,0.0,0.0,0.0,0.0,0.0,0.0,0.0,0.0,0.0,0.0,2.0,0.0,0.0,0.0,0.0,0.0,0.0,0.0,0.0,0.0,20.27972027972028,143.0
27,2.0,0.0,4.0,0.0,3.0,0.0,1.0,0.0,2.0,0.0,9.0,5.0,0.0,0.0,4.0,6.0,0.0,3.0,0.0,0.0,44.0,0.0,1.0,1.0,0.0,0.0,0.0,447.0,0.0,0.0,1.0,0.0,1.0,6.0,0.0,2.0,4.0,0.0,0.0,0.0,6.0,2.0,1.0,3.0,0.0,0.0,50.0,0.0,0.0,6.0,0.0,2.0,0.0,20.0,0.0,0.0,0.0,0.0,0.0,22.0,0.0,7.0,32.78195488721805,665.0
28,2.0,2.0,23.0,118.0,0.0,571.0,3.0,0.0,15.0,4.0,0.0,0.0,3.0,5.0,1.0,3.0,15.0,0.0,10.0,37.0,0.0,1.0,0.0,0.0,5.0,0.0,6.0,0.0,2489.0,0.0,0.0,1.0,1.0,0.0,3.0,8.0,2.0,0.0,0.0,1.0,3.0,1.0,10.0,1.0,0.0,5.0,0.0,1.0,0.0,1.0,1.0,0.0,1.0,0.0,307.0,2.0,0.0,0.0,1.0,0.0,0.0,4.0,32.12435233160622,3667.0
29,0.0,0.0,0.0,1.0,1.0,9.0,0.0,10.0,2.0,0.0,0.0,0.0,0.0,5.0,0.0,6.0,0.0,0.0,9.0,25.0,0.0,0.0,0.0,0.0,0.0,3.0,0.0,0.0,0.0,1334.0,0.0,0.0,0.0,0.0,21.0,0.0,0.0,0.0,0.0,0.0,0.0,0.0,0.0,0.0,0.0,2.0,0.0,0.0,0.0,0.0,0.0,1.0,0.0,32.0,0.0,176.0,0.0,0.0,0.0,0.0,1.0,0.0,18.55921855921856,1638.0
30,12.0,0.0,3.0,0.0,106.0,0.0,21.0,0.0,0.0,2.0,0.0,0.0,3.0,0.0,0.0,0.0,7.0,14.0,0.0,11.0,3.0,0.0,2.0,21.0,3.0,0.0,4.0,1.0,0.0,0.0,1606.0,80.0,25.0,0.0,0.0,0.0,21.0,0.0,0.0,14.0,0.0,0.0,0.0,1.0,0.0,4.0,6.0,0.0,1.0,1.0,0.0,0.0,0.0,1.0,0.0,0.0,359.0,45.0,6.0,0.0,3.0,0.0,32.69069572506287,2386.0
31,0.0,0.0,0.0,0.0,15.0,0.0,1.0,0.0,2.0,0.0,0.0,0.0,0.0,0.0,0.0,0.0,0.0,1.0,0.0,1.0,1.0,0.0,0.0,4.0,0.0,0.0,0.0,0.0,1.0,0.0,20.0,495.0,8.0,8.0,20.0,0.0,0.0,0.0,0.0,1.0,0.0,0.0,0.0,0.0,0.0,0.0,1.0,0.0,0.0,1.0,0.0,0.0,0.0,7.0,0.0,0.0,1.0,316.0,2.0,16.0,19.0,0.0,47.39638682252922,941.0
32,0.0,0.0,8.0,0.0,0.0,0.0,6.0,0.0,0.0,0.0,1.0,0.0,0.0,1.0,0.0,0.0,0.0,3.0,0.0,0.0,0.0,0.0,10.0,44.0,0.0,1.0,1.0,0.0,0.0,0.0,6.0,3.0,562.0,0.0,0.0,0.0,3.0,1.0,0.0,0.0,0.0,0.0,0.0,4.0,0.0,0.0,0.0,0.0,9.0,2.0,0.0,0.0,0.0,2.0,2.0,0.0,2.0,0.0,285.0,2.0,2.0,0.0,41.458333333333336,960.0
33,0.0,4.0,3.0,0.0,1.0,0.0,0.0,1.0,1.0,0.0,0.0,0.0,0.0,0.0,0.0,0.0,0.0,0.0,3.0,0.0,2.0,0.0,0.0,0.0,0.0,0.0,0.0,0.0,0.0,0.0,0.0,0.0,0.0,148.0,0.0,0.0,0.0,0.0,0.0,1.0,0.0,0.0,0.0,0.0,2.0,0.0,3.0,6.0,0.0,0.0,0.0,0.0,0.0,2.0,0.0,0.0,0.0,0.0,0.0,78.0,1.0,2.0,42.63565891472868,258.0
34,0.0,2.0,0.0,0.0,16.0,1.0,0.0,9.0,1.0,1.0,0.0,0.0,0.0,0.0,0.0,2.0,0.0,0.0,1.0,0.0,0.0,0.0,0.0,0.0,0.0,0.0,0.0,0.0,0.0,1.0,0.0,15.0,0.0,11.0,275.0,0.0,0.0,0.0,0.0,0.0,0.0,0.0,0.0,0.0,1.0,0.0,0.0,1.0,0.0,0.0,0.0,0.0,3.0,4.0,0.0,2.0,0.0,0.0,0.0,5.0,105.0,0.0,39.69298245614035,456.0
35,0.0,0.0,9.0,0.0,0.0,0.0,0.0,0.0,0.0,0.0,0.0,0.0,0.0,0.0,0.0,0.0,0.0,0.0,25.0,1.0,0.0,0.0,0.0,0.0,0.0,0.0,0.0,0.0,0.0,0.0,0.0,0.0,0.0,0.0,0.0,23.0,0.0,0.0,0.0,0.0,0.0,0.0,0.0,0.0,0.0,0.0,0.0,0.0,0.0,0.0,0.0,0.0,0.0,0.0,0.0,3.0,0.0,0.0,0.0,0.0,0.0,11.0,68.05555555555556,72.0
36,12.0,0.0,68.0,3.0,52.0,0.0,1.0,1.0,3.0,19.0,25.0,1.0,9.0,0.0,1.0,1.0,17.0,2.0,0.0,1.0,0.0,0.0,4.0,5.0,15.0,0.0,72.0,40.0,2.0,0.0,108.0,0.0,1.0,0.0,0.0,1.0,1115.0,0.0,8.0,23.0,49.0,0.0,27.0,4.0,0.0,0.0,0.0,0.0,4.0,28.0,3.0,0.0,27.0,6.0,4.0,2.0,60.0,0.0,1.0,3.0,0.0,3.0,39.10431458219552,1831.0
37,3.0,0.0,0.0,0.0,0.0,1.0,62.0,0.0,3.0,0.0,0.0,3.0,0.0,16.0,0.0,0.0,2.0,0.0,1.0,0.0,0.0,1.0,0.0,0.0,1.0,0.0,0.0,0.0,0.0,0.0,1.0,1.0,0.0,0.0,0.0,0.0,0.0,466.0,0.0,3.0,1.0,0.0,2.0,16.0,1.0,2.0,4.0,1.0,0.0,0.0,0.0,0.0,1.0,0.0,0.0,7.0,0.0,0.0,0.0,0.0,0.0,0.0,22.20367278797997,599.0
38,0.0,0.0,0.0,0.0,0.0,0.0,0.0,0.0,0.0,0.0,0.0,0.0,0.0,0.0,0.0,0.0,0.0,0.0,0.0,0.0,0.0,0.0,0.0,0.0,0.0,0.0,0.0,0.0,0.0,0.0,0.0,0.0,0.0,0.0,0.0,0.0,0.0,0.0,0.0,0.0,0.0,0.0,0.0,0.0,0.0,0.0,0.0,0.0,0.0,0.0,0.0,0.0,0.0,0.0,0.0,0.0,0.0,0.0,0.0,0.0,0.0,0.0,,0.0
39,7.0,3.0,20.0,6.0,19.0,2.0,6.0,0.0,11.0,0.0,2.0,2.0,1.0,0.0,0.0,2.0,0.0,2.0,1.0,78.0,0.0,7.0,0.0,10.0,4.0,0.0,0.0,0.0,12.0,0.0,23.0,7.0,1.0,2.0,2.0,0.0,15.0,15.0,1.0,1506.0,4.0,1.0,0.0,11.0,7.0,65.0,1.0,4.0,0.0,0.0,0.0,0.0,1.0,0.0,0.0,14.0,1.0,2.0,1.0,1.0,2.0,1.0,20.021242697822622,1883.0
40,15.0,0.0,6.0,3.0,6.0,15.0,7.0,0.0,35.0,1.0,1.0,38.0,325.0,0.0,253.0,9.0,7.0,1.0,1.0,0.0,22.0,2.0,1.0,3.0,27.0,0.0,2.0,134.0,11.0,0.0,1.0,0.0,1.0,0.0,0.0,3.0,21.0,2.0,101.0,2.0,3835.0,4.0,2.0,0.0,0.0,0.0,13.0,2.0,0.0,0.0,3.0,3.0,1.0,11.0,1.0,83.0,0.0,0.0,1.0,0.0,0.0,14.0,23.742294690793397,5029.0
41,0.0,0.0,0.0,0.0,0.0,0.0,0.0,0.0,0.0,0.0,0.0,0.0,0.0,0.0,0.0,0.0,0.0,0.0,0.0,0.0,0.0,0.0,0.0,0.0,0.0,0.0,0.0,0.0,0.0,0.0,0.0,0.0,0.0,1.0,0.0,0.0,0.0,0.0,0.0,0.0,0.0,0.0,0.0,0.0,0.0,0.0,0.0,0.0,0.0,0.0,0.0,0.0,0.0,0.0,0.0,0.0,0.0,0.0,0.0,0.0,0.0,0.0,100.0,1.0
42,0.0,0.0,0.0,2.0,0.0,0.0,0.0,0.0,0.0,2.0,0.0,1.0,0.0,0.0,0.0,0.0,0.0,0.0,0.0,0.0,0.0,0.0,0.0,0.0,0.0,0.0,0.0,0.0,0.0,0.0,0.0,0.0,0.0,0.0,2.0,0.0,1.0,0.0,0.0,0.0,0.0,0.0,10.0,0.0,0.0,0.0,0.0,0.0,0.0,0.0,0.0,0.0,0.0,0.0,0.0,0.0,0.0,0.0,0.0,0.0,1.0,0.0,47.368421052631575,19.0
43,2.0,6.0,9.0,1.0,11.0,0.0,17.0,0.0,2.0,0.0,43.0,0.0,0.0,9.0,0.0,1.0,1.0,7.0,2.0,0.0,12.0,4.0,2.0,14.0,3.0,3.0,2.0,0.0,1.0,0.0,4.0,0.0,1.0,6.0,0.0,0.0,2.0,63.0,0.0,7.0,2.0,3.0,0.0,1192.0,4.0,3.0,54.0,4.0,0.0,22.0,0.0,1.0,0.0,8.0,1.0,28.0,2.0,0.0,0.0,8.0,0.0,0.0,23.93107849393746,1567.0
44,0.0,0.0,0.0,0.0,0.0,0.0,0.0,0.0,0.0,0.0,0.0,0.0,0.0,0.0,0.0,0.0,0.0,0.0,0.0,0.0,0.0,0.0,0.0,0.0,0.0,0.0,0.0,0.0,0.0,0.0,0.0,0.0,0.0,0.0,0.0,0.0,0.0,0.0,0.0,0.0,0.0,0.0,0.0,0.0,2.0,0.0,0.0,0.0,0.0,0.0,0.0,0.0,0.0,0.0,0.0,0.0,0.0,0.0,0.0,0.0,0.0,0.0,0.0,2.0
45,0.0,1.0,2.0,2.0,0.0,1.0,0.0,0.0,0.0,0.0,0.0,0.0,0.0,1.0,0.0,0.0,0.0,0.0,1.0,48.0,0.0,1.0,0.0,0.0,0.0,0.0,0.0,0.0,1.0,0.0,0.0,0.0,0.0,0.0,0.0,0.0,1.0,0.0,0.0,3.0,0.0,2.0,0.0,0.0,11.0,130.0,0.0,0.0,0.0,0.0,0.0,0.0,0.0,0.0,1.0,0.0,0.0,1.0,0.0,0.0,0.0,0.0,37.19806763285024,207.0
46,0.0,0.0,1.0,0.0,0.0,0.0,0.0,0.0,1.0,0.0,0.0,0.0,0.0,0.0,0.0,0.0,0.0,0.0,0.0,0.0,44.0,1.0,0.0,0.0,0.0,0.0,0.0,5.0,0.0,0.0,1.0,1.0,0.0,5.0,0.0,0.0,2.0,0.0,0.0,3.0,0.0,0.0,0.0,6.0,0.0,0.0,120.0,0.0,0.0,0.0,0.0,0.0,0.0,6.0,0.0,2.0,0.0,0.0,0.0,3.0,0.0,4.0,41.46341463414634,205.0
47,0.0,0.0,0.0,0.0,0.0,0.0,0.0,0.0,0.0,0.0,1.0,0.0,0.0,0.0,0.0,0.0,0.0,0.0,0.0,0.0,0.0,1.0,0.0,0.0,0.0,0.0,0.0,0.0,0.0,0.0,0.0,0.0,0.0,0.0,0.0,0.0,0.0,0.0,0.0,0.0,0.0,0.0,0.0,0.0,0.0,0.0,0.0,1.0,0.0,0.0,0.0,0.0,0.0,0.0,0.0,0.0,0.0,0.0,0.0,0.0,0.0,0.0,66.66666666666666,3.0
48,0.0,0.0,0.0,0.0,0.0,0.0,0.0,0.0,0.0,0.0,0.0,0.0,0.0,0.0,0.0,0.0,0.0,0.0,0.0,0.0,0.0,0.0,0.0,0.0,0.0,0.0,0.0,0.0,0.0,0.0,0.0,0.0,0.0,0.0,0.0,0.0,0.0,0.0,0.0,0.0,0.0,0.0,0.0,0.0,0.0,0.0,0.0,0.0,0.0,0.0,0.0,0.0,0.0,0.0,0.0,0.0,0.0,0.0,0.0,0.0,0.0,0.0,,0.0
49,19.0,0.0,1.0,2.0,3.0,1.0,0.0,10.0,0.0,0.0,49.0,2.0,2.0,11.0,0.0,1.0,0.0,20.0,1.0,0.0,5.0,0.0,46.0,15.0,4.0,2.0,1.0,9.0,0.0,0.0,1.0,0.0,3.0,1.0,0.0,0.0,3.0,1.0,0.0,3.0,0.0,0.0,1.0,26.0,0.0,0.0,2.0,0.0,9.0,1508.0,2.0,3.0,1.0,27.0,0.0,0.0,0.0,0.0,0.0,9.0,0.0,0.0,16.4079822616408,1804.0
50,0.0,0.0,0.0,0.0,0.0,0.0,0.0,0.0,0.0,0.0,0.0,0.0,0.0,0.0,0.0,0.0,0.0,0.0,0.0,0.0,0.0,0.0,0.0,0.0,0.0,0.0,0.0,0.0,0.0,0.0,0.0,0.0,0.0,0.0,0.0,0.0,0.0,0.0,0.0,0.0,0.0,0.0,0.0,0.0,0.0,0.0,0.0,0.0,0.0,0.0,0.0,0.0,0.0,0.0,0.0,0.0,0.0,0.0,0.0,0.0,0.0,0.0,,0.0
51,0.0,0.0,0.0,0.0,0.0,0.0,0.0,0.0,0.0,0.0,1.0,0.0,0.0,2.0,0.0,0.0,0.0,0.0,0.0,0.0,0.0,0.0,0.0,0.0,1.0,10.0,0.0,0.0,0.0,0.0,0.0,0.0,0.0,0.0,0.0,0.0,0.0,0.0,0.0,0.0,1.0,0.0,0.0,0.0,0.0,0.0,0.0,0.0,0.0,1.0,0.0,17.0,1.0,0.0,0.0,0.0,0.0,0.0,0.0,0.0,0.0,0.0,50.0,34.0
52,0.0,0.0,0.0,0.0,0.0,0.0,0.0,0.0,1.0,0.0,0.0,0.0,0.0,0.0,0.0,0.0,0.0,0.0,0.0,0.0,0.0,0.0,0.0,0.0,0.0,0.0,0.0,0.0,0.0,0.0,0.0,0.0,0.0,0.0,0.0,0.0,0.0,0.0,0.0,0.0,0.0,0.0,2.0,0.0,0.0,0.0,0.0,0.0,0.0,0.0,0.0,0.0,6.0,0.0,0.0,0.0,0.0,0.0,0.0,0.0,0.0,0.0,33.33333333333333,9.0
53,0.0,7.0,1.0,0.0,6.0,17.0,0.0,2.0,24.0,0.0,1.0,0.0,15.0,0.0,2.0,41.0,0.0,0.0,4.0,0.0,11.0,0.0,0.0,0.0,0.0,19.0,0.0,3.0,0.0,52.0,0.0,27.0,0.0,2.0,25.0,0.0,0.0,0.0,2.0,0.0,0.0,1.0,2.0,0.0,0.0,0.0,4.0,0.0,0.0,6.0,0.0,9.0,2.0,1969.0,1.0,80.0,0.0,8.0,0.0,5.0,0.0,0.0,16.141396933560475,2348.0
54,0.0,0.0,0.0,0.0,0.0,0.0,0.0,0.0,0.0,0.0,0.0,0.0,0.0,0.0,0.0,0.0,0.0,0.0,0.0,0.0,0.0,0.0,0.0,0.0,0.0,0.0,0.0,0.0,0.0,0.0,0.0,0.0,0.0,0.0,0.0,0.0,0.0,0.0,0.0,0.0,0.0,0.0,0.0,0.0,0.0,0.0,0.0,0.0,0.0,0.0,0.0,0.0,0.0,0.0,0.0,0.0,0.0,0.0,0.0,0.0,0.0,0.0,,0.0
55,0.0,55.0,10.0,2.0,80.0,8.0,0.0,35.0,18.0,0.0,3.0,6.0,3.0,3.0,8.0,131.0,1.0,1.0,37.0,11.0,2.0,3.0,6.0,2.0,1.0,21.0,0.0,1.0,3.0,37.0,0.0,1.0,0.0,16.0,13.0,3.0,1.0,2.0,1.0,1.0,28.0,43.0,4.0,10.0,12.0,1.0,26.0,36.0,0.0,3.0,1.0,1.0,24.0,84.0,0.0,2059.0,0.0,0.0,0.0,22.0,2.0,7.0,28.729664243682933,2889.0
56,0.0,0.0,0.0,0.0,0.0,0.0,0.0,0.0,0.0,0.0,0.0,0.0,0.0,0.0,0.0,0.0,0.0,0.0,0.0,0.0,0.0,0.0,0.0,0.0,0.0,0.0,0.0,0.0,0.0,0.0,0.0,0.0,0.0,0.0,0.0,0.0,0.0,0.0,0.0,0.0,0.0,0.0,0.0,0.0,0.0,0.0,0.0,0.0,0.0,0.0,0.0,0.0,0.0,0.0,0.0,0.0,0.0,0.0,0.0,0.0,0.0,0.0,,0.0
57,0.0,0.0,0.0,0.0,0.0,0.0,0.0,0.0,0.0,0.0,0.0,0.0,0.0,0.0,0.0,0.0,0.0,0.0,0.0,0.0,0.0,0.0,0.0,0.0,0.0,0.0,0.0,0.0,0.0,0.0,0.0,4.0,1.0,0.0,0.0,0.0,0.0,0.0,0.0,0.0,0.0,0.0,0.0,0.0,0.0,0.0,0.0,0.0,0.0,0.0,0.0,0.0,0.0,0.0,0.0,0.0,0.0,2.0,0.0,3.0,0.0,0.0,80.0,10.0
58,0.0,0.0,0.0,0.0,0.0,0.0,0.0,0.0,0.0,0.0,0.0,0.0,0.0,0.0,0.0,0.0,0.0,0.0,0.0,0.0,0.0,0.0,0.0,5.0,0.0,0.0,0.0,0.0,0.0,0.0,3.0,0.0,17.0,0.0,0.0,0.0,2.0,0.0,0.0,0.0,2.0,0.0,0.0,0.0,0.0,0.0,0.0,0.0,2.0,0.0,0.0,0.0,0.0,0.0,0.0,0.0,1.0,0.0,50.0,0.0,0.0,0.0,39.02439024390244,82.0
59,0.0,0.0,1.0,0.0,0.0,0.0,0.0,0.0,1.0,0.0,0.0,0.0,0.0,0.0,1.0,0.0,0.0,0.0,0.0,0.0,9.0,0.0,1.0,1.0,0.0,0.0,0.0,3.0,0.0,0.0,0.0,0.0,0.0,161.0,1.0,0.0,0.0,0.0,0.0,1.0,0.0,0.0,0.0,0.0,0.0,0.0,12.0,0.0,0.0,6.0,0.0,0.0,1.0,1.0,0.0,0.0,0.0,0.0,0.0,193.0,0.0,1.0,51.01522842639594,394.0
60,0.0,0.0,0.0,0.0,0.0,0.0,0.0,0.0,0.0,0.0,0.0,0.0,0.0,0.0,0.0,0.0,0.0,0.0,0.0,0.0,0.0,0.0,0.0,0.0,0.0,0.0,0.0,0.0,0.0,0.0,1.0,0.0,0.0,0.0,0.0,0.0,0.0,0.0,0.0,0.0,0.0,0.0,0.0,0.0,0.0,0.0,0.0,0.0,0.0,0.0,0.0,0.0,0.0,0.0,0.0,0.0,0.0,0.0,0.0,0.0,3.0,0.0,25.0,4.0
61,0.0,0.0,25.0,0.0,0.0,0.0,0.0,0.0,0.0,0.0,0.0,1.0,1.0,0.0,2.0,0.0,0.0,0.0,3.0,0.0,0.0,0.0,0.0,0.0,0.0,0.0,0.0,1.0,0.0,0.0,0.0,0.0,0.0,0.0,0.0,18.0,0.0,0.0,0.0,0.0,0.0,0.0,0.0,0.0,0.0,0.0,0.0,0.0,0.0,0.0,0.0,0.0,0.0,0.0,0.0,7.0,0.0,0.0,0.0,0.0,0.0,62.0,48.333333333333336,120.0
